OPEN 6.3.4,,,,,,,,,,,,,,,,,,,,,,,,,,,,,,,,,,,,,,,,,,,,,,,,,,,,,,,,,,,,,,,,,,,,,,,,,,,,,,,,,,
Thr Mar 23 2023 14:20:01,,,,,,,,,,,,,,,,,,,,,,,,,,,,,,,,,,,,,,,,,,,,,,,,,,,,,,,,,,,,,,,,,,,,,,,,,,,,,,,,,,
Unit=,PSC-3244,,,,,,,,,,,,,,,,,,,,,,,,,,,,,,,,,,,,,,,,,,,,,,,,,,,,,,,,,,,,,,,,,,,,,,,,,,,,,,,,,
LCF=,LCF-1470,,,,,,,,,,,,,,,,,,,,,,,,,,,,,,,,,,,,,,,,,,,,,,,,,,,,,,,,,,,,,,,,,,,,,,,,,,,,,,,,,
LCFCals=,"-2,02999997138977","-0,239999994635582",-2940,,,,,,,,,,,,,,,,,,,,,,,,,,,,,,,,,,,,,,,,,,,,,,,,,,,,,,,,,,,,,,,,,,,,,,,,,,,,,,,
LightSource=,6400-40 Fluorometer,1,"0,159999996423721",,,,,,,,,,,,,,,,,,,,,,,,,,,,,,,,,,,,,,,,,,,,,,,,,,,,,,,,,,,,,,,,,,,,,,,,,,,,,,,
A/D AvgTime=,4,,,,,,,,,,,,,,,,,,,,,,,,,,,,,,,,,,,,,,,,,,,,,,,,,,,,,,,,,,,,,,,,,,,,,,,,,,,,,,,,,
Config=,/User/Configs/UserPrefs/LCF.xml,,,,,,,,,,,,,,,,,,,,,,,,,,,,,,,,,,,,,,,,,,,,,,,,,,,,,,,,,,,,,,,,,,,,,,,,,,,,,,,,,
Remark=,trat6t1b1,,,,,,,,,,,,,,,,,,,,,,,,,,,,,,,,,,,,,,,,,,,,,,,,,,,,,,,,,,,,,,,,,,,,,,,,,,,,,,,,,
,,,,,,,,,,,,,,,,,,,,,,,,,,,,,,,,,,,,,,,,,,,,,,,,,,,,,,,,,,,,,,,,,,,,,,,,,,,,,,,,,,
Obs,HHMMSS,FTime,EBal?,Photo,Cond,Ci,FCnt,DCnt,Fo,Fm,Fo',Fm',Fs,Fv/Fm,Fv'/Fm',PhiPS2,Adark,RedAbs,BlueAbs,%Blue,LeafAbs,PhiCO2,qP,qN,NPQ,ParIn@Fs,PS2/1,ETR,Trmmol,VpdL,CTleaf,Area,BLC_1,StmRat,BLCond,Tair,Tleaf,TBlk,CO2R,CO2S,H2OR,H2OS,RH_R,RH_S,Flow,PARi,PARo,Press,CsMch,HsMch,StableF,BLCslope,BLCoffst,f_parin,f_parout,alphaK,Status,fda,Trans,Tair_K,Twall_K,R(W/m2),Tl-Ta,SVTleaf,h2o_i,h20diff,CTair,SVTair,CndTotal,vp_kPa,VpdA,CndCO2,Ci_Pa,Ci/Ca,RHsfc,C2sfc,AHs/Cs,Fv,PARabs,Fv',qP_Fo,qN_Fo
in,in,in,in,out,out,out,in,in,in,in,in,in,in,out,out,out,in,in,in,in,out,out,out,out,out,in,in,out,out,out,out,in,out,in,out,in,in,in,in,in,in,in,in,in,in,in,in,in,in,in,in,in,in,in,in,in,in,out,out,out,out,out,out,out,out,out,out,out,out,out,out,out,out,out,out,out,out,out,out,out,out,out
Remark=,"""14:21:28 Flow: Fixed -> 300 umol/s""
",,,,,,,,,,,,,,,,,,,,,,,,,,,,,,,,,,,,,,,,,,,,,,,,,,,,,,,,,,,,,,,,,,,,,,,,,,,,,,,,,
Remark=,"""14:21:57 LCF Lamp: ParIn -> 250 uml, with blue = 20 percent, actinic on""
",,,,,,,,,,,,,,,,,,,,,,,,,,,,,,,,,,,,,,,,,,,,,,,,,,,,,,,,,,,,,,,,,,,,,,,,,,,,,,,,,
Remark=,"""14:23:51 Flow: Fixed -> 300 umol/s""
",,,,,,,,,,,,,,,,,,,,,,,,,,,,,,,,,,,,,,,,,,,,,,,,,,,,,,,,,,,,,,,,,,,,,,,,,,,,,,,,,
Remark=,"""14:25:46 Flow: Fixed -> 300 umol/s""
",,,,,,,,,,,,,,,,,,,,,,,,,,,,,,,,,,,,,,,,,,,,,,,,,,,,,,,,,,,,,,,,,,,,,,,,,,,,,,,,,
Remark=,"""14:33:47 Launched AutoProg /User/Configs/AutoProgs/Autolog + ETR""
",,,,,,,,,,,,,,,,,,,,,,,,,,,,,,,,,,,,,,,,,,,,,,,,,,,,,,,,,,,,,,,,,,,,,,,,,,,,,,,,,
Remark=,"""14:33:53 LCF Lamp: ParIn -> 250 uml, with blue = 20 percent, actinic on""
",,,,,,,,,,,,,,,,,,,,,,,,,,,,,,,,,,,,,,,,,,,,,,,,,,,,,,,,,,,,,,,,,,,,,,,,,,,,,,,,,
Remark=,"""14:33:53 CO2 Mixer -> OFF""
",,,,,,,,,,,,,,,,,,,,,,,,,,,,,,,,,,,,,,,,,,,,,,,,,,,,,,,,,,,,,,,,,,,,,,,,,,,,,,,,,
Remark=,"""14:33:53 Coolers: Off""
",,,,,,,,,,,,,,,,,,,,,,,,,,,,,,,,,,,,,,,,,,,,,,,,,,,,,,,,,,,,,,,,,,,,,,,,,,,,,,,,,
Remark=,"""14:33:53 Flow: Fixed -> 300 umol/s""
",,,,,,,,,,,,,,,,,,,,,,,,,,,,,,,,,,,,,,,,,,,,,,,,,,,,,,,,,,,,,,,,,,,,,,,,,,,,,,,,,
1,14:34:04,"912,999999448657",0,"10,3501467362399","0,135082138984179","788,453498859177",0,0,0,0,0,0,0,#DIV/0!,#DIV/0!,#DIV/0!,-1,"0,87","0,92","19,9885787963867","0,879994289398193","0,0517494523242912",#DIV/0!,#DIV/0!,#DIV/0!,0,"0,5",#DIV/0!,"1,67896970788593","1,15495557425029","24,9774150848389",2,"4,644859790802",1,"9,289719581604","26,1556377410889","24,9774150848389","26,1323585510254","937,79931640625","929,872436523438","20,3576965332031","21,4510631561279","56,3054924011231","59,329532623291","300,531219482422","249,238922119141","127,131988525391","94,1884841918945","-2,80059242248535","-0,415243327617645","0,5","-1,355140209198","7,355140209198",1,0,"0,159999996423721",111105,"1,50265609741211","0,00167896970788593","298,127415084839","299,305637741089","39,8782266477146","-0,0824700414569369","3,17539869723057","33,7132370743029","12,262173918175","25,5665264129639","3,28867189462161","0,133146057482041","2,02044312298028","1,26822877164132","0,083388091636833","74,2632399133415","0,847915765529097","63,1324330888681","928,368333200277","0,00703847732540729",0,"219,328828160605",0,#DIV/0!,#DIV/0!
2,14:34:15,"923,999998690561",0,"10,3153336127623","0,135520629748732","788,958483023984",0,0,0,0,0,0,0,#DIV/0!,#DIV/0!,#DIV/0!,-1,"0,87","0,92","19,9885787963867","0,879994289398193","0,051584473616986",#DIV/0!,#DIV/0!,#DIV/0!,0,"0,5",#DIV/0!,"1,67939139512766","1,1516195988145","24,9469985961914",2,"4,644859790802",1,"9,289719581604","26,1376399993897","24,9469985961914","26,1156997680664","937,417358398438","929,51513671875","20,3317756652832","21,4252586364746","56,2939834594727","59,3215866088867","300,582641601563","249,269134521484","127,149658203125","94,1890335083008","-2,80059242248535","-0,415243327617645","0,75","-1,355140209198","7,355140209198",1,0,"0,159999996423721",111105,"1,50291320800782","0,00167939139512766","298,096998596191","299,28763999939","39,8830606319815","-0,0819692826551203","3,16964400244942","33,6519431656561","12,2266845291815","25,5423192977906","3,28394878343101","0,133572049057349","2,01802440363492","1,26592437979609","0,0836554386331058","74,3112369942042","0,848784976013473","63,1755418023771","928,016092505962","0,00702225742765707",0,"219,355414902136",0,#DIV/0!,#DIV/0!
3,14:34:26,"934,999997932464",0,"10,3881171990127","0,134218488969758","786,633709218783",0,0,0,0,0,0,0,#DIV/0!,#DIV/0!,#DIV/0!,-1,"0,87","0,92","19,9885787963867","0,879994289398193","0,0519231870033866",#DIV/0!,#DIV/0!,#DIV/0!,0,"0,5",#DIV/0!,"1,66143210788413","1,15022843219657","24,9296398162842",2,"4,644859790802",1,"9,289719581604","26,1155948638916","24,9296398162842","26,0999660491943","937,143005371094","929,202880859375","20,3233108520508","21,4052486419678","56,343807220459","59,3433456420898","300,547546386719","249,235977172852","127,148414611816","94,188835144043","-2,80059242248535","-0,415243327617645","0,75","-1,355140209198","7,355140209198",1,0,"0,159999996423721",111105,"1,50273773193359","0,00166143210788413","298,079639816284","299,265594863892","39,8777554563189","-0,0790510323959324","3,16636386775212","33,6171889471804","12,2119403052126","25,5226173400879","3,28010906018675","0,132306909898841","2,01613543555556","1,26397362463119","0,0828614634173009","74,092112756355","0,846568306472816","63,1778740833172","927,693259595194","0,00707452763695133",0,"219,326236624688",0,#DIV/0!,#DIV/0!
4,14:34:37,"945,999997174367",0,"10,1195153880187","0,135869923939383","791,081101497803",0,0,0,0,0,0,0,#DIV/0!,#DIV/0!,#DIV/0!,-1,"0,87","0,92","19,9885787963867","0,879994289398193","0,0506734862372339",#DIV/0!,#DIV/0!,#DIV/0!,0,"0,5",#DIV/0!,"1,67347290008772","1,1447327247687","24,8907012939453",2,"4,644859790802",1,"9,289719581604","26,096773147583","24,8907012939453","26,0818500518799","936,669128417969","928,900451660156","20,2959098815918","21,3857364654541","56,3301162719727","59,3548622131348","300,540374755859","249,359100341797","127,125694274902","94,1882019042969","-2,80059242248535","-0,415243327617645","0,75","-1,355140209198","7,355140209198",1,0,"0,159999996423721",111105,"1,50270187377929","0,00167347290008772","298,040701293945","299,246773147583","39,8974551629098","-0,0801891452608807","3,15901678884898","33,5394107221497","12,1536742566956","25,4937372207642","3,27448768956488","0,133911358247504","2,01428406408028","1,2602036254846","0,0838683873732733","74,5105065105486","0,851631733071032","63,2768502460245","927,429864130164","0,00690436101462579",0,"219,434584310252",0,#DIV/0!,#DIV/0!
5,14:34:48,"956,999996416271",0,"10,2214576706177","0,133637051441634","787,544287407751",0,0,0,0,0,0,0,#DIV/0!,#DIV/0!,#DIV/0!,-1,"0,87","0,92","19,9885787963867","0,879994289398193","0,0511410428219411",#DIV/0!,#DIV/0!,#DIV/0!,0,"0,5",#DIV/0!,"1,64328836084664","1,14261970290694","24,8696327209473",2,"4,644859790802",1,"9,289719581604","26,0791091918945","24,8696327209473","26,0669460296631","936,3369140625","928,519836425781","20,29612159729","21,3662624359131","56,3889617919922","59,3621482849121","300,554351806641","249,344528198242","127,149391174316","94,1871795654297","-2,80059242248535","-0,415243327617645","0,75","-1,355140209198","7,355140209198",1,0,"0,159999996423721",111105,"1,50277175903321","0,00164328836084664","298,019632720947","299,229109191894","39,8951236199931","-0,0747324971778511","3,15504769960038","33,4976343294008","12,1313718934877","25,4743709564209","3,27072285907906","0,131741881576642","2,01242799669344","1,25829486238562","0,0825068733707233","74,1765752138022","0,848171742285337","63,2909828331919","927,034434446301","0,00697844737933237",0,"219,42176090714",0,#DIV/0!,#DIV/0!
6,14:34:54,"963,499995968305",0,"10,3990952050476","0,132748572723517","784,317859628705",0,0,0,0,0,0,0,#DIV/0!,#DIV/0!,#DIV/0!,-1,"0,87","0,92","19,9885787963867","0,879994289398193","0,0519655348567089",#DIV/0!,#DIV/0!,#DIV/0!,0,"0,5",#DIV/0!,"1,63035120150843","1,14113710106655","24,8569869995117",2,"4,644859790802",1,"9,289719581604","26,0736598968506","24,8569869995117","26,0573635101318","936,148620605469","928,222229003906","20,294849395752","21,3564987182617","56,4042205810547","59,3547973632813","300,576202392578","249,272933959961","127,08715057373","94,1882095336914","-2,80059242248535","-0,415243327617645","0,25","-1,355140209198","7,355140209198",1,0,"0,159999996423721",111105,"1,50288101196289","0,00163035120150843","298,006986999512","299,223659896851","39,8836685421242","-0,0721729161975236","3,15266747724819","33,4719971093672","12,1154983911055","25,4653234481812","3,26896530649783","0,130878342623345","2,01153037618165","1,25743493031618","0,0819649615354002","73,8734949037249","0,844967762160116","63,3081438526795","926,711012394675","0,0071041285403273",0,"219,358758386299",0,#DIV/0!,#DIV/0!
Remark=,"""14:34:54 Fs=793 Msr=3 Mod=0.25 Filter=5 Gain=10""
",,,,,,,,,,,,,,,,,,,,,,,,,,,,,,,,,,,,,,,,,,,,,,,,,,,,,,,,,,,,,,,,,,,,,,,,,,,,,,,,,
Remark=,"""14:34:54 RF#1 8107 um, Fmax=1560 Int=9 Mod=20 Filter=50""
",,,,,,,,,,,,,,,,,,,,,,,,,,,,,,,,,,,,,,,,,,,,,,,,,,,,,,,,,,,,,,,,,,,,,,,,,,,,,,,,,
Remark=,"""14:34:55 Fm'=1560""
",,,,,,,,,,,,,,,,,,,,,,,,,,,,,,,,,,,,,,,,,,,,,,,,,,,,,,,,,,,,,,,,,,,,,,,,,,,,,,,,,
Remark=,"""14:35:03 Dark#1 Fmin=485 Dur=6 FarRed=8 Pre=1 Post=4 Mod=0.25 Filter=5""
",,,,,,,,,,,,,,,,,,,,,,,,,,,,,,,,,,,,,,,,,,,,,,,,,,,,,,,,,,,,,,,,,,,,,,,,,,,,,,,,,
Remark=,"""14:35:03 Fo'=485""
",,,,,,,,,,,,,,,,,,,,,,,,,,,,,,,,,,,,,,,,,,,,,,,,,,,,,,,,,,,,,,,,,,,,,,,,,,,,,,,,,
7,14:35:03,"963,499995968305",0,"10,3990952050476","0,132748572723517","784,317859628705",1,1,0,0,"485,87939453125","1560,55163574219","793,863037109375",#DIV/0!,"0,688648947331904","0,491293322869244",-1,"0,87","0,92","19,9885787963867","0,879994289398193","0,0519655348567089","0,713416211224467","3,21180863668385",-1,"249,272933959961","0,5","53,8847466540382","1,63035120150843","1,14113710106655","24,8569869995117",2,"4,644859790802",1,"9,289719581604","26,0736598968506","24,8569869995117","26,0573635101318","936,148620605469","928,222229003906","20,294849395752","21,3564987182617","56,4042205810547","59,3547973632813","300,576202392578","249,272933959961","127,08715057373","94,1882095336914","-2,80059242248535","-0,415243327617645","0,25","-1,355140209198","7,355140209198",1,0,"0,159999996423721",111105,"1,50288101196289","0,00163035120150843","298,006986999512","299,223659896851","39,8836685421242","-0,0721729161975236","3,15266747724819","33,4719971093672","12,1154983911055","25,4653234481812","3,26896530649783","0,130878342623345","2,01153037618165","1,25743493031618","0,0819649615354002","73,8734949037249","0,844967762160116","63,3081438526795","926,711012394675","0,0071041285403273",0,"219,358758386299","1074,67224121094","0,491293322869244",#DIV/0!
Remark=,"""14:35:04 LCF Lamp: ParIn -> 250 uml, with blue = 20 percent, actinic on""
",,,,,,,,,,,,,,,,,,,,,,,,,,,,,,,,,,,,,,,,,,,,,,,,,,,,,,,,,,,,,,,,,,,,,,,,,,,,,,,,,
Remark=,"""14:35:04 CO2 Mixer -> OFF""
",,,,,,,,,,,,,,,,,,,,,,,,,,,,,,,,,,,,,,,,,,,,,,,,,,,,,,,,,,,,,,,,,,,,,,,,,,,,,,,,,
Remark=,"""14:35:04 Coolers: Off""
",,,,,,,,,,,,,,,,,,,,,,,,,,,,,,,,,,,,,,,,,,,,,,,,,,,,,,,,,,,,,,,,,,,,,,,,,,,,,,,,,
Remark=,"""14:35:04 Flow: Fixed -> 300 umol/s""
",,,,,,,,,,,,,,,,,,,,,,,,,,,,,,,,,,,,,,,,,,,,,,,,,,,,,,,,,,,,,,,,,,,,,,,,,,,,,,,,,
Remark=,"""14:37:49 Flow: Fixed -> 300 umol/s""
",,,,,,,,,,,,,,,,,,,,,,,,,,,,,,,,,,,,,,,,,,,,,,,,,,,,,,,,,,,,,,,,,,,,,,,,,,,,,,,,,
Remark=,"""14:38:54 trat1t1b1""
",,,,,,,,,,,,,,,,,,,,,,,,,,,,,,,,,,,,,,,,,,,,,,,,,,,,,,,,,,,,,,,,,,,,,,,,,,,,,,,,,
Remark=,"""14:44:56 Launched AutoProg /User/Configs/AutoProgs/Autolog + ETR""
",,,,,,,,,,,,,,,,,,,,,,,,,,,,,,,,,,,,,,,,,,,,,,,,,,,,,,,,,,,,,,,,,,,,,,,,,,,,,,,,,
Remark=,"""14:45:02 LCF Lamp: ParIn -> 250 uml, with blue = 20 percent, actinic on""
",,,,,,,,,,,,,,,,,,,,,,,,,,,,,,,,,,,,,,,,,,,,,,,,,,,,,,,,,,,,,,,,,,,,,,,,,,,,,,,,,
Remark=,"""14:45:02 CO2 Mixer -> OFF""
",,,,,,,,,,,,,,,,,,,,,,,,,,,,,,,,,,,,,,,,,,,,,,,,,,,,,,,,,,,,,,,,,,,,,,,,,,,,,,,,,
Remark=,"""14:45:02 Coolers: Off""
",,,,,,,,,,,,,,,,,,,,,,,,,,,,,,,,,,,,,,,,,,,,,,,,,,,,,,,,,,,,,,,,,,,,,,,,,,,,,,,,,
Remark=,"""14:45:02 Flow: Fixed -> 300 umol/s""
",,,,,,,,,,,,,,,,,,,,,,,,,,,,,,,,,,,,,,,,,,,,,,,,,,,,,,,,,,,,,,,,,,,,,,,,,,,,,,,,,
8,14:45:13,"1581,99999944866",0,"14,7286306556561","0,108149688699154","719,8566466929",1,1,0,0,"485,87939453125","1560,55163574219","793,863037109375",#DIV/0!,"0,688648947331904","0,491293322869244",-1,"0,87","0,92","19,9885787963867","0,879994289398193","0,0717506132160465","0,713416211224467","3,21180863668385",-1,"249,272933959961","0,5","53,8847466540382","1,38477385917472","1,18761962770448","24,5822696685791",2,"4,644859790802",1,"9,289719581604","25,5033493041992","24,5822696685791","25,4725933074951","967,962341308594","957,279479980469","19,4144878387451","20,3172264099121","55,8148612976074","58,4101524353027","300,560791015625","249,106719970703","130,174880981445","94,1922607421875","-2,34871864318848","-0,424953997135162","0,5","-1,355140209198","7,355140209198",1,0,"0,159999996423721",111105,"1,50280395507812","0,00138477385917472","297,732269668579","298,653349304199","39,8570743044374","-0,0427289749645654","3,10134511526498","32,9256893382529","12,6084629283408","25,0428094863892","3,18780201813692","0,106905113484357","1,9137254875605","1,27407653057642","0,0669264095996087","67,8049249622943","0,75198169578187","61,1117225350001","955,139086913652","0,00942367454416953",0,"219,212491024934","1074,67224121094","0,491293322869244",#DIV/0!
9,14:45:24,"1592,99999869056",0,"14,9278876555188","0,107858867687443","717,367005825445",1,1,0,0,"485,87939453125","1560,55163574219","793,863037109375",#DIV/0!,"0,688648947331904","0,491293322869244",-1,"0,87","0,92","19,9885787963867","0,879994289398193","0,0726386683483279","0,713416211224467","3,21180863668385",-1,"249,272933959961","0,5","53,8847466540382","1,38476589763852","1,19075451306245","24,5959091186523",2,"4,644859790802",1,"9,289719581604","25,5134811401367","24,5959091186523","25,4789505004883","969,210998535156","958,39453125","19,4082584381104","20,3109970092773","55,762882232666","58,3565902709961","300,560974121094","249,178436279297","130,159103393555","94,19140625","-2,34871864318848","-0,424953997135162","0,5","-1,355140209198","7,355140209198",1,0,"0,159999996423721",111105,"1,50280487060547","0,00138476589763853","297,745909118652","298,663481140137","39,8685489135559","-0,0428366492345989","3,10387588370583","32,952856394007","12,6418593847297","25,0546951293945","3,19006090251344","0,106620938639913","1,91312137064337","1,27693953187007","0,0667482120215883","67,5698070760506","0,748509076830612","61,0392384503673","956,225181770942","0,00952899914722989",0,"219,275600966953","1074,67224121094","0,491293322869244",#DIV/0!
10,14:45:35,"1603,99999793246",0,"15,6059649067709","0,107459723333888","707,225501602494",1,1,0,0,"485,87939453125","1560,55163574219","793,863037109375",#DIV/0!,"0,688648947331904","0,491293322869244",-1,"0,87","0,92","19,9885787963867","0,879994289398193","0,0757517923260567","0,713416211224467","3,21180863668385",-1,"249,272933959961","0,5","53,8847466540382","1,38536791222322","1,19562813768982","24,6205177307129",2,"4,644859790802",1,"9,289719581604","25,5197944641113","24,6205177307129","25,4857597351074","970,515686035156","959,246398925781","19,4044494628906","20,3076190948486","55,7314796447754","58,3254737854004","300,549163818359","249,110107421875","130,298751831055","94,1921539306641","-2,34871864318848","-0,424953997135162","0,5","-1,355140209198","7,355140209198",1,0,"0,159999996423721",111105,"1,50274581909179","0,00138536791222322","297,770517730713","298,669794464111","39,8576162966128","-0,043815477739561","3,10844652143709","33,0011194321478","12,6935003372992","25,0701560974121","3,19300137585357","0,106230887343398","1,91281838374727","1,2801829921063","0,0665036250310541","66,6150933106332","0,737271990173208","60,9347386269133","956,978509950331","0,0099369566058931",0,"219,215471962621","1074,67224121094","0,491293322869244",#DIV/0!
11,14:45:46,"1614,99999717437",0,"15,0367662545837","0,106892228074688","715,781172615124",1,1,0,0,"485,87939453125","1560,55163574219","793,863037109375",#DIV/0!,"0,688648947331904","0,491293322869244",-1,"0,87","0,92","19,9885787963867","0,879994289398193","0,0731541730728808","0,713416211224467","3,21180863668385",-1,"249,272933959961","0,5","53,8847466540382","1,37868018741332","1,19610041478834","24,6208896636963",2,"4,644859790802",1,"9,289719581604","25,5223503112793","24,6208896636963","25,4890670776367","971,427856445313","960,541442871094","19,4046573638916","20,3033866882324","55,7234878540039","58,304328918457","300,577331542969","249,113830566406","130,292602539063","94,1919326782227","-2,34871864318848","-0,424953997135162","0,75","-1,355140209198","7,355140209198",1,0,"0,159999996423721",111105,"1,50288665771484","0,00137868018741332","297,770889663696","298,672350311279","39,8582119997244","-0,0425335572856225","3,10851564686625","33,0019308286785","12,6985441404461","25,0716199874878","3,19327991125003","0,105676263357384","1,91241523207791","1,28086467917212","0,066155845581032","67,4208120233031","0,745185101514858","60,9178852824343","958,356270943635","0,00955811559320807",0,"219,218748308546","1074,67224121094","0,491293322869244",#DIV/0!
12,14:45:57,"1625,99999641627",0,"14,9389012750857","0,106491023263661","717,289926045454",1,1,0,0,"485,87939453125","1560,55163574219","793,863037109375",#DIV/0!,"0,688648947331904","0,491293322869244",-1,"0,87","0,92","19,9885787963867","0,879994289398193","0,0727182142003187","0,713416211224467","3,21180863668385",-1,"249,272933959961","0,5","53,8847466540382","1,37959372500966","1,2013300112329","24,6490440368652",2,"4,644859790802",1,"9,289719581604","25,5365695953369","24,6490440368652","25,4969844818115","972,339477539063","961,51611328125","19,403865814209","20,3032398223877","55,6747856140137","58,2553253173828","300,560943603516","249,077972412109","130,244338989258","94,1929550170898","-2,34871864318848","-0,424953997135162","0,5","-1,355140209198","7,355140209198",1,0,"0,159999996423721",111105,"1,50280471801758","0,00137959372500966","297,799044036865","298,686569595337","39,8524746951651","-0,0433451159666833","3,11375216652425","33,0571661751063","12,7539263527186","25,0928068161011","3,19731352207708","0,105284117787334","1,91242215529135","1,28489136678573","0,065909952556505","67,5636577382112","0,745998861732692","60,8102413181223","959,345163281715","0,00946935708163671",0,"219,187193337537","1074,67224121094","0,491293322869244",#DIV/0!
13,14:46:03,"1631,99999600276",0,"14,739401540452","0,106102337225302","720,096033871547",1,1,0,0,"485,87939453125","1560,55163574219","793,863037109375",#DIV/0!,"0,688648947331904","0,491293322869244",-1,"0,87","0,92","19,9885787963867","0,879994289398193","0,0718129529590436","0,713416211224467","3,21180863668385",-1,"249,272933959961","0,5","53,8847466540382","1,37550960131117","1,20209792759671","24,6522026062012",2,"4,644859790802",1,"9,289719581604","25,5452556610107","24,6522026062012","25,5008125305176","972,843139648438","962,154235839844","19,4047718048096","20,3015117645264","55,6481819152832","58,2198143005371","300,551940917969","249,060913085938","130,247955322266","94,1921081542969","-2,34871864318848","-0,424953997135162","0,5","-1,355140209198","7,355140209198",1,0,"0,159999996423721",111105,"1,50275970458984","0,00137550960131117","297,802202606201","298,695255661011","39,8497452030388","-0,0423808340963783","3,11434011941671","33,0637054466929","12,7621936821665","25,098729133606","3,19844182622052","0,104904176376584","1,91224219182","1,28619963440052","0,0656717149433015","67,827363503909","0,748420582738473","60,7908748524882","960,012277527236","0,0093334339093467",0,"219,172181227925","1074,67224121094","0,491293322869244",#DIV/0!
Remark=,"""14:46:03 Fs=713 Msr=3 Mod=0.25 Filter=5 Gain=10""
",,,,,,,,,,,,,,,,,,,,,,,,,,,,,,,,,,,,,,,,,,,,,,,,,,,,,,,,,,,,,,,,,,,,,,,,,,,,,,,,,
Remark=,"""14:46:03 RF#2 8086 um, Fmax=1766 Int=9 Mod=20 Filter=50""
",,,,,,,,,,,,,,,,,,,,,,,,,,,,,,,,,,,,,,,,,,,,,,,,,,,,,,,,,,,,,,,,,,,,,,,,,,,,,,,,,
Remark=,"""14:46:04 Fm'=1766""
",,,,,,,,,,,,,,,,,,,,,,,,,,,,,,,,,,,,,,,,,,,,,,,,,,,,,,,,,,,,,,,,,,,,,,,,,,,,,,,,,
Remark=,"""14:46:12 Dark#2 Fmin=502 Dur=6 FarRed=8 Pre=1 Post=4 Mod=0.25 Filter=5""
",,,,,,,,,,,,,,,,,,,,,,,,,,,,,,,,,,,,,,,,,,,,,,,,,,,,,,,,,,,,,,,,,,,,,,,,,,,,,,,,,
Remark=,"""14:46:12 Fo'=502""
",,,,,,,,,,,,,,,,,,,,,,,,,,,,,,,,,,,,,,,,,,,,,,,,,,,,,,,,,,,,,,,,,,,,,,,,,,,,,,,,,
14,14:46:12,"1631,99999600276",0,"14,739401540452","0,106102337225302","720,096033871547",2,2,0,0,"502,533447265625","1766,46398925781","713,79541015625",#DIV/0!,"0,715514468270159","0,595918504709425",-1,"0,87","0,92","19,9885787963867","0,879994289398193","0,0718129529590436","0,832853186253702","3,51511725014416",-1,"249,060913085938","0,5","65,3043792556242","1,37550960131117","1,20209792759671","24,6522026062012",2,"4,644859790802",1,"9,289719581604","25,5452556610107","24,6522026062012","25,5008125305176","972,843139648438","962,154235839844","19,4047718048096","20,3015117645264","55,6481819152832","58,2198143005371","300,551940917969","249,060913085938","130,247955322266","94,1921081542969","-2,34871864318848","-0,424953997135162","0,5","-1,355140209198","7,355140209198",1,0,"0,159999996423721",111105,"1,50275970458984","0,00137550960131117","297,802202606201","298,695255661011","39,8497452030388","-0,0423808340963783","3,11434011941671","33,0637054466929","12,7621936821665","25,098729133606","3,19844182622052","0,104904176376584","1,91224219182","1,28619963440052","0,0656717149433015","67,827363503909","0,748420582738473","60,7908748524882","960,012277527236","0,0093334339093467",0,"219,172181227925","1263,93054199219","0,595918504709425",#DIV/0!
Remark=,"""14:46:13 LCF Lamp: ParIn -> 250 uml, with blue = 20 percent, actinic on""
",,,,,,,,,,,,,,,,,,,,,,,,,,,,,,,,,,,,,,,,,,,,,,,,,,,,,,,,,,,,,,,,,,,,,,,,,,,,,,,,,
Remark=,"""14:46:13 CO2 Mixer -> OFF""
",,,,,,,,,,,,,,,,,,,,,,,,,,,,,,,,,,,,,,,,,,,,,,,,,,,,,,,,,,,,,,,,,,,,,,,,,,,,,,,,,
Remark=,"""14:46:13 Coolers: Off""
",,,,,,,,,,,,,,,,,,,,,,,,,,,,,,,,,,,,,,,,,,,,,,,,,,,,,,,,,,,,,,,,,,,,,,,,,,,,,,,,,
Remark=,"""14:46:13 Flow: Fixed -> 300 umol/s""
",,,,,,,,,,,,,,,,,,,,,,,,,,,,,,,,,,,,,,,,,,,,,,,,,,,,,,,,,,,,,,,,,,,,,,,,,,,,,,,,,
Remark=,"""14:48:10 Flow: Fixed -> 300 umol/s""
",,,,,,,,,,,,,,,,,,,,,,,,,,,,,,,,,,,,,,,,,,,,,,,,,,,,,,,,,,,,,,,,,,,,,,,,,,,,,,,,,
Remark=,"""14:48:59 trat2t1b1""
",,,,,,,,,,,,,,,,,,,,,,,,,,,,,,,,,,,,,,,,,,,,,,,,,,,,,,,,,,,,,,,,,,,,,,,,,,,,,,,,,
Remark=,"""14:59:36 Launched AutoProg /User/Configs/AutoProgs/Autolog + ETR""
",,,,,,,,,,,,,,,,,,,,,,,,,,,,,,,,,,,,,,,,,,,,,,,,,,,,,,,,,,,,,,,,,,,,,,,,,,,,,,,,,
Remark=,"""14:59:42 LCF Lamp: ParIn -> 250 uml, with blue = 20 percent, actinic on""
",,,,,,,,,,,,,,,,,,,,,,,,,,,,,,,,,,,,,,,,,,,,,,,,,,,,,,,,,,,,,,,,,,,,,,,,,,,,,,,,,
Remark=,"""14:59:43 CO2 Mixer -> OFF""
",,,,,,,,,,,,,,,,,,,,,,,,,,,,,,,,,,,,,,,,,,,,,,,,,,,,,,,,,,,,,,,,,,,,,,,,,,,,,,,,,
Remark=,"""14:59:43 Coolers: Off""
",,,,,,,,,,,,,,,,,,,,,,,,,,,,,,,,,,,,,,,,,,,,,,,,,,,,,,,,,,,,,,,,,,,,,,,,,,,,,,,,,
Remark=,"""14:59:43 Flow: Fixed -> 300 umol/s""
",,,,,,,,,,,,,,,,,,,,,,,,,,,,,,,,,,,,,,,,,,,,,,,,,,,,,,,,,,,,,,,,,,,,,,,,,,,,,,,,,
15,14:59:54,"2462,99999944866",0,"5,29175720434597","0,0325110878872743","694,507405473676",2,2,0,0,"502,533447265625","1766,46398925781","713,79541015625",#DIV/0!,"0,715514468270159","0,595918504709425",-1,"0,87","0,92","19,9885787963867","0,879994289398193","0,0286871517379386","0,832853186253702","3,51511725014416",-1,"249,060913085938","0,5","65,3043792556242","0,472420925089562","1,33581553984052","25,3485908508301",2,"4,644859790802",1,"9,289719581604","26,028564453125","25,3485908508301","25,9724979400635","979,012573242188","975,184326171875","19,9767990112305","20,2848167419434","55,6673202514648","56,5256385803223","300,526824951172","249,232498168945","123,518669128418","94,1860809326172","-2,48535203933716","-0,405969768762589","0,75","-1,355140209198","7,355140209198",1,0,"0,159999996423721",111105,"1,50263412475586","0,000472420925089562","298,49859085083","299,178564453125","39,8771988157063","0,107364383367397","3,24636293120051","34,4675444508943","14,1827277089509","25,6885776519776","3,31257612215206","0,0323977061363729","1,91054739135999","1,40202873079207","0,0202587225427746","65,4129307002456","0,712180648144738","57,8412933329338","974,415317789748","0,00314118708024339",0,"219,323175121117","1263,93054199219","0,595918504709425",#DIV/0!
16,15:00:05,"2473,99999869056",0,"5,23443540851103","0,0317136395387616","691,038683596376",2,2,0,0,"502,533447265625","1766,46398925781","713,79541015625",#DIV/0!,"0,715514468270159","0,595918504709425",-1,"0,87","0,92","19,9885787963867","0,879994289398193","0,0284248543203577","0,832853186253702","3,51511725014416",-1,"249,060913085938","0,5","65,3043792556242","0,459399452479002","1,33159531418974","25,3189563751221",2,"4,644859790802",1,"9,289719581604","26,0162544250488","25,3189563751221","25,9601554870605","979,0439453125","975,262329101563","19,9694480895996","20,2689762115479","55,687255859375","56,5225296020508","300,531311035156","249,240737915039","123,50040435791","94,1858825683594","-2,48535203933716","-0,405969768762589",1,"-1,355140209198","7,355140209198",1,0,"0,159999996423721",111105,"1,50265655517578","0,000459399452479002","298,468956375122","299,166254425049","39,8785171750518","0,110455786228063","3,24064672743146","34,4069263785836","14,1379501670357","25,6676054000855","3,30845785487898","0,0316057425116699","1,90905141324172","1,39940644163726","0,0197632546897223","65,086088303402","0,708566980366174","57,8984088549597","974,501650833568","0,0031099534941538",0,"219,330426050626","1263,93054199219","0,595918504709425",#DIV/0!
17,15:00:16,"2485,49999789801",0,"5,446243375334","0,0336465891090539","695,96629771042",2,2,0,0,"502,533447265625","1766,46398925781","713,79541015625",#DIV/0!,"0,715514468270159","0,595918504709425",-1,"0,87","0,92","19,9885787963867","0,879994289398193","0,0293897958457347","0,832853186253702","3,51511725014416",-1,"249,060913085938","0,5","65,3043792556242","0,485663409274918","1,32718739171587","25,2939414978027",2,"4,644859790802",1,"9,289719581604","26,0060844421387","25,2939414978027","25,9468231201172","979,051330566406","975,111755371094","19,9476203918457","20,264274597168","55,660816192627","56,5443916320801","300,530853271484","249,247192382813","123,465675354004","94,1874847412109","-2,48535203933716","-0,405969768762589","0,75","-1,355140209198","7,355140209198",1,0,"0,159999996423721",111105,"1,50265426635742","0,000485663409274918","298,443941497803","299,156084442139","39,8795498898726","0,106508347723261","3,23582844612834","34,3551848212009","14,0909102240329","25,6500129699707","3,30500672468915","0,0335251637635354","1,90864105441247","1,39636567027668","0,0209641029325281","65,5513150459972","0,713729779050361","57,9852242055467","974,320296760087","0,00324125079039052",0,"219,336105945408","1263,93054199219","0,595918504709425",#DIV/0!
18,15:00:27,"2496,49999713991",0,"4,91587174348953","0,0333733372943716","719,610223634395",2,2,0,0,"502,533447265625","1766,46398925781","713,79541015625",#DIV/0!,"0,715514468270159","0,595918504709425",-1,"0,87","0,92","19,9885787963867","0,879994289398193","0,026971198552435","0,832853186253702","3,51511725014416",-1,"249,060913085938","0,5","65,3043792556242","0,479934358385729","1,32227687271559","25,2622833251953",2,"4,644859790802",1,"9,289719581604","25,9827976226807","25,2622833251953","25,9351634979248","979,159301757813","975,57666015625","19,9389762878418","20,2518634796143","55,7131423950195","56,5874099731445","300,565063476563","249,251998901367","123,664131164551","94,1870193481445","-2,48535203933716","-0,405969768762589","0,5","-1,355140209198","7,355140209198",1,0,"0,159999996423721",111105,"1,50282531738282","0,000479934358385729","298,412283325195","299,132797622681","39,880318932824","0,107898291565096","3,229739530106","34,2907074930133","14,038844013399","25,622540473938","3,29962369881956","0,0332538726862364","1,90746265739041","1,39216104142915","0,0207943706625109","67,7779420565754","0,737625501945835","58,0621889499395","974,862276175613","0,00292786254017219",0,"219,340335654288","1263,93054199219","0,595918504709425",#DIV/0!
19,15:00:38,"2507,49999638181",0,"4,92917152516915","0,0333355998297572","718,679691687748",2,2,0,0,"502,533447265625","1766,46398925781","713,79541015625",#DIV/0!,"0,715514468270159","0,595918504709425",-1,"0,87","0,92","19,9885787963867","0,879994289398193","0,0270271730287362","0,832853186253702","3,51511725014416",-1,"249,060913085938","0,5","65,3043792556242","0,478407002151067","1,31957933732979","25,2448139190674",2,"4,644859790802",1,"9,289719581604","25,9664325714111","25,2448139190674","25,9235610961914","979,092163085938","975,501403808594","19,9330348968506","20,2449531555176","55,750301361084","56,6226997375488","300,541351318359","249,294982910156","123,548461914063","94,1866607666016","-2,48535203933716","-0,405969768762589",1,"-1,355140209198","7,355140209198",1,0,"0,159999996423721",111105,"1,50270675659179","0,000478407002151067","298,394813919067","299,116432571411","39,8871963740766","0,108240960973272","3,22638387242426","34,2552103043485","14,0102571488309","25,6056232452393","3,29631270874505","0,0332164047596452","1,90680453509448","1,38950817365058","0,0207709291033687","67,6900403208398","0,736728505855397","58,1049594313051","974,785087077984","0,00293817904373607",0,"219,378161336557","1263,93054199219","0,595918504709425",#DIV/0!
20,15:00:44,"2513,4999959683",0,"5,20405785743851","0,0322627301560021","697,256038375071",2,2,0,0,"502,533447265625","1766,46398925781","713,79541015625",#DIV/0!,"0,715514468270159","0,595918504709425",-1,"0,87","0,92","19,9885787963867","0,879994289398193","0,0282781816482393","0,832853186253702","3,51511725014416",-1,"249,060913085938","0,5","65,3043792556242","0,463273772176469","1,32019839415338","25,2406234741211",2,"4,644859790802",1,"9,289719581604","25,957239151001","25,2406234741211","25,9161396026611","979,142272949219","975,379028320313","19,9277820587158","20,2297916412354","55,7660751342773","56,6112251281738","300,587707519531","249,312759399414","123,571388244629","94,186882019043","-2,48535203933716","-0,405969768762589",1,"-1,355140209198","7,355140209198",1,0,"0,159999996423721",111105,"1,50293853759766","0,000463273772176469","298,390623474121","299,107239151001","39,8900406122943","0,110687981629129","3,22557939273624","34,2465885226361","14,0167968814007","25,5989313125611","3,2950037847764","0,0321510710986999","1,90538099858286","1,38962278619354","0,0201044215616648","65,6723722234981","0,71485650001703","58,0705387426887","974,622764576738","0,00310071193094713",0,"219,39380454559","1263,93054199219","0,595918504709425",#DIV/0!
Remark=,"""15:00:44 Fs=642 Msr=3 Mod=0.25 Filter=5 Gain=10""
",,,,,,,,,,,,,,,,,,,,,,,,,,,,,,,,,,,,,,,,,,,,,,,,,,,,,,,,,,,,,,,,,,,,,,,,,,,,,,,,,
Remark=,"""15:00:44 RF#3 8096 um, Fmax=1126 Int=9 Mod=20 Filter=50""
",,,,,,,,,,,,,,,,,,,,,,,,,,,,,,,,,,,,,,,,,,,,,,,,,,,,,,,,,,,,,,,,,,,,,,,,,,,,,,,,,
Remark=,"""15:00:45 Fm'=1126""
",,,,,,,,,,,,,,,,,,,,,,,,,,,,,,,,,,,,,,,,,,,,,,,,,,,,,,,,,,,,,,,,,,,,,,,,,,,,,,,,,
Remark=,"""15:00:53 Dark#3 Fmin=461 Dur=6 FarRed=8 Pre=1 Post=4 Mod=0.25 Filter=5""
",,,,,,,,,,,,,,,,,,,,,,,,,,,,,,,,,,,,,,,,,,,,,,,,,,,,,,,,,,,,,,,,,,,,,,,,,,,,,,,,,
Remark=,"""15:00:53 Fo'=461""
",,,,,,,,,,,,,,,,,,,,,,,,,,,,,,,,,,,,,,,,,,,,,,,,,,,,,,,,,,,,,,,,,,,,,,,,,,,,,,,,,
21,15:00:53,"2513,4999959683",0,"5,20405785743851","0,0322627301560021","697,256038375071",3,3,0,0,"461,487060546875","1126,67358398438","642,397033691406",#DIV/0!,"0,590398614907729","0,429828618667328",-1,"0,87","0,92","19,9885787963867","0,879994289398193","0,0282781816482393","0,728031211141144","2,44139799423464",-1,"249,312759399414","0,5","47,1508679760004","0,463273772176469","1,32019839415338","25,2406234741211",2,"4,644859790802",1,"9,289719581604","25,957239151001","25,2406234741211","25,9161396026611","979,142272949219","975,379028320313","19,9277820587158","20,2297916412354","55,7660751342773","56,6112251281738","300,587707519531","249,312759399414","123,571388244629","94,186882019043","-2,48535203933716","-0,405969768762589",1,"-1,355140209198","7,355140209198",1,0,"0,159999996423721",111105,"1,50293853759766","0,000463273772176469","298,390623474121","299,107239151001","39,8900406122943","0,110687981629129","3,22557939273624","34,2465885226361","14,0167968814007","25,5989313125611","3,2950037847764","0,0321510710986999","1,90538099858286","1,38962278619354","0,0201044215616648","65,6723722234981","0,71485650001703","58,0705387426887","974,622764576738","0,00310071193094713",0,"219,39380454559","665,186523437505","0,429828618667328",#DIV/0!
Remark=,"""15:00:54 LCF Lamp: ParIn -> 250 uml, with blue = 20 percent, actinic on""
",,,,,,,,,,,,,,,,,,,,,,,,,,,,,,,,,,,,,,,,,,,,,,,,,,,,,,,,,,,,,,,,,,,,,,,,,,,,,,,,,
Remark=,"""15:00:54 CO2 Mixer -> OFF""
",,,,,,,,,,,,,,,,,,,,,,,,,,,,,,,,,,,,,,,,,,,,,,,,,,,,,,,,,,,,,,,,,,,,,,,,,,,,,,,,,
Remark=,"""15:00:54 Coolers: Off""
",,,,,,,,,,,,,,,,,,,,,,,,,,,,,,,,,,,,,,,,,,,,,,,,,,,,,,,,,,,,,,,,,,,,,,,,,,,,,,,,,
Remark=,"""15:00:54 Flow: Fixed -> 300 umol/s""
",,,,,,,,,,,,,,,,,,,,,,,,,,,,,,,,,,,,,,,,,,,,,,,,,,,,,,,,,,,,,,,,,,,,,,,,,,,,,,,,,
Remark=,"""15:03:15 Flow: Fixed -> 300 umol/s""
",,,,,,,,,,,,,,,,,,,,,,,,,,,,,,,,,,,,,,,,,,,,,,,,,,,,,,,,,,,,,,,,,,,,,,,,,,,,,,,,,
Remark=,"""15:04:36 trat3t1b1""
",,,,,,,,,,,,,,,,,,,,,,,,,,,,,,,,,,,,,,,,,,,,,,,,,,,,,,,,,,,,,,,,,,,,,,,,,,,,,,,,,
Remark=,"""15:12:38 Launched AutoProg /User/Configs/AutoProgs/Autolog + ETR""
",,,,,,,,,,,,,,,,,,,,,,,,,,,,,,,,,,,,,,,,,,,,,,,,,,,,,,,,,,,,,,,,,,,,,,,,,,,,,,,,,
Remark=,"""15:12:43 LCF Lamp: ParIn -> 250 uml, with blue = 20 percent, actinic on""
",,,,,,,,,,,,,,,,,,,,,,,,,,,,,,,,,,,,,,,,,,,,,,,,,,,,,,,,,,,,,,,,,,,,,,,,,,,,,,,,,
Remark=,"""15:12:43 CO2 Mixer -> OFF""
",,,,,,,,,,,,,,,,,,,,,,,,,,,,,,,,,,,,,,,,,,,,,,,,,,,,,,,,,,,,,,,,,,,,,,,,,,,,,,,,,
Remark=,"""15:12:43 Coolers: Off""
",,,,,,,,,,,,,,,,,,,,,,,,,,,,,,,,,,,,,,,,,,,,,,,,,,,,,,,,,,,,,,,,,,,,,,,,,,,,,,,,,
Remark=,"""15:12:43 Flow: Fixed -> 300 umol/s""
",,,,,,,,,,,,,,,,,,,,,,,,,,,,,,,,,,,,,,,,,,,,,,,,,,,,,,,,,,,,,,,,,,,,,,,,,,,,,,,,,
22,15:12:54,"3242,99999944866",0,"13,0346863278158","0,119685733151306","815,296299653189",3,3,0,0,"461,487060546875","1126,67358398438","642,397033691406",#DIV/0!,"0,590398614907729","0,429828618667328",-1,"0,87","0,92","19,9885787963867","0,879994289398193","0,0638292714616069","0,728031211141144","2,44139799423464",-1,"249,312759399414","0,5","47,1508679760004","1,43874527541064","1,11734537102296","23,895788192749",2,"4,644859790802",1,"9,289719581604","25,0717086791992","23,895788192749","25,0144729614258","1018,85009765625","1009,21026611328","18,7986335754395","19,737117767334","55,445556640625","58,2135620117188","300,558837890625","249,863586425781","114,694076538086","94,1845626831055","-2,64719581604004","-0,422027558088303","0,5","-1,355140209198","7,355140209198",1,0,"0,159999996423721",111105,"1,50279418945312","0,00143874527541064","297,045788192749","298,221708679199","39,9781729345431","-0,0404334448437808","2,97627717656426","31,6004777404794","11,8633599731454","24,4837484359741","3,08311823331407","0,118163354824431","1,8589318055413","1,22418642777277","0,0739873805401979","76,7883254399898","0,807855733367733","61,9593545091947","1007,31604030937","0,0080175507862781",0,"219,878529183239","665,186523437505","0,429828618667328",#DIV/0!
23,15:13:05,"3253,99999869056",0,"12,7252612101396","0,118741639849123","819,472385860706",3,3,0,0,"461,487060546875","1126,67358398438","642,397033691406",#DIV/0!,"0,590398614907729","0,429828618667328",-1,"0,87","0,92","19,9885787963867","0,879994289398193","0,0624420056472791","0,728031211141144","2,44139799423464",-1,"249,312759399414","0,5","47,1508679760004","1,43319891067851","1,12177904754847","23,9051322937012",2,"4,644859790802",1,"9,289719581604","25,0875835418701","23,9051322937012","25,0141887664795","1020,11364746094","1010,68249511719","18,7729949951172","19,7078437805176","55,3174629211426","58,0721321105957","300,573455810547","249,783599853516","114,672500610352","94,1843490600586","-2,64719581604004","-0,422027558088303","0,5","-1,355140209198","7,355140209198",1,0,"0,159999996423721",111105,"1,50286727905273","0,00143319891067851","297,055132293701","298,23758354187","39,9653750832667","-0,0392026527686408","2,97794948539385","31,6183051124014","11,9104613318838","24,4963579177857","3,08544580788836","0,117243033785688","1,85617043784537","1,22927537004298","0,0734100788688232","77,1814732349838","0,810810902355331","61,8262485884245","1008,83323556928","0,00779866419137908",0,"219,808141456417","665,186523437505","0,429828618667328",#DIV/0!
24,15:13:16,"3264,99999793246",0,"13,1515717770531","0,118239704806888","814,1206736167",3,3,0,0,"461,487060546875","1126,67358398438","642,397033691406",#DIV/0!,"0,590398614907729","0,429828618667328",-1,"0,87","0,92","19,9885787963867","0,879994289398193","0,0643775396325192","0,728031211141144","2,44139799423464",-1,"249,312759399414","0,5","47,1508679760004","1,43682332748637","1,1293108497871","23,9356517791748",2,"4,644859790802",1,"9,289719581604","25,0824337005615","23,9356517791748","25,0150852203369","1021,68963623047","1011,97076416016","18,7486228942871","19,6858940124512","55,2626991271973","58,0253601074219","300,5615234375","249,798858642578","114,895629882813","94,1845169067383","-2,64719581604004","-0,422027558088303","0,5","-1,355140209198","7,355140209198",1,0,"0,159999996423721",111105,"1,5028076171875","0,00143682332748637","297,085651779175","298,232433700562","39,9678164894621","-0,0414459023955903","2,98341726722707","31,6763027003818","11,9904086879306","24,5090427398682","3,08778883908582","0,116753662258531","1,85410641743997","1,23368242164585","0,0731031111751576","76,6775623483772","0,804490309848371","61,6376194568907","1010,05955233691","0,008025582002353",0,"219,821569103655","665,186523437505","0,429828618667328",#DIV/0!
25,15:13:27,"3275,99999717437",0,"12,9788654132941","0,11850611318401","818,288118798678",3,3,0,0,"461,487060546875","1126,67358398438","642,397033691406",#DIV/0!,"0,590398614907729","0,429828618667328",-1,"0,87","0,92","19,9885787963867","0,879994289398193","0,0635996122886057","0,728031211141144","2,44139799423464",-1,"249,312759399414","0,5","47,1508679760004","1,44668567657701","1,13454274542041","23,9520950317383",2,"4,644859790802",1,"9,289719581604","25,0699787139893","23,9520950317383","25,0178737640381","1023,13232421875","1013,52032470703","18,7177982330322","19,6615180969238","55,2132034301758","57,996955871582","300,564117431641","249,768463134766","114,593063354492","94,1852035522461","-2,64719581604004","-0,422027558088303","0,75","-1,355140209198","7,355140209198",1,0,"0,159999996423721",111105,"1,50282058715821","0,00144668567657701","297,102095031738","298,219978713989","39,9629532083209","-0,0445168488764678","2,98636682952535","31,7073883889709","12,0458702920471","24,5110368728638","3,08815731960588","0,117013408893363","1,85182408410494","1,23633323550094","0,0732660416628957","77,070633033438","0,807372184702081","61,4989161983231","1011,63421090628","0,00789006686207683",0,"219,794821230357","665,186523437505","0,429828618667328",#DIV/0!
26,15:13:38,"3286,99999641627",0,"13,0598159808904","0,117988378721828","817,805065599758",3,3,0,0,"461,487060546875","1126,67358398438","642,397033691406",#DIV/0!,"0,590398614907729","0,429828618667328",-1,"0,87","0,92","19,9885787963867","0,879994289398193","0,0639722470693168","0,728031211141144","2,44139799423464",-1,"249,312759399414","0,5","47,1508679760004","1,44285408650167","1,13645449258274","23,9491004943848",2,"4,644859790802",1,"9,289719581604","25,0942058563232","23,9491004943848","25,0170669555664","1024,62072753906","1014,95568847656","18,6943092346191","19,635591506958","55,0641555786133","57,8367080688477","300,552307128906","249,751541137695","114,515380859375","94,1848373413086","-2,64719581604004","-0,422027558088303","0,5","-1,355140209198","7,355140209198",1,0,"0,159999996423721",111105,"1,50276153564453","0,00144285408650167","297,099100494385","298,244205856323","39,96024568885","-0,0426091396035447","2,98582948476596","31,7018064589936","12,0662149520356","24,521653175354","3,09011967168353","0,116508607286308","1,84937499218322","1,24074467950031","0,072949397485176","77,0248370804114","0,80575445301191","61,4256008515038","1013,05781078291","0,0079186699425999",0,"219,77992996957","665,186523437505","0,429828618667328",#DIV/0!
27,15:13:44,"3292,99999600276",0,"13,6948630660889","0,118709000908182","810,918678917689",3,3,0,0,"461,487060546875","1126,67358398438","642,397033691406",#DIV/0!,"0,590398614907729","0,429828618667328",-1,"0,87","0,92","19,9885787963867","0,879994289398193","0,0668828288483067","0,728031211141144","2,44139799423464",-1,"249,312759399414","0,5","47,1508679760004","1,45489847975819","1,13907836193777","23,9604816436768",2,"4,644859790802",1,"9,289719581604","25,109447479248","23,9604816436768","25,0188694000244","1025,72314453125","1015,62719726563","18,6800594329834","19,6291618347168","54,9729728698731","57,766056060791","300,566101074219","249,672698974609","114,534606933594","94,1860809326172","-2,64719581604004","-0,422027558088303","0,5","-1,355140209198","7,355140209198",1,0,"0,159999996423721",111105,"1,50283050537109","0,00145489847975819","297,110481643677","298,259447479248","39,9476309430382","-0,0446011051190497","2,98787218714184","31,7230758256035","12,0939139908867","24,5349645614624","3,09258173191837","0,117211213389997","1,84879382520408","1,24378790671429","0,0733901187726214","76,3772523223125","0,798441279537337","61,3656374515462","1013,63703330246","0,00829087705215493",0,"219,71054931629","665,186523437505","0,429828618667328",#DIV/0!
Remark=,"""15:13:44 Fs=624 Msr=3 Mod=0.25 Filter=5 Gain=10""
",,,,,,,,,,,,,,,,,,,,,,,,,,,,,,,,,,,,,,,,,,,,,,,,,,,,,,,,,,,,,,,,,,,,,,,,,,,,,,,,,
Remark=,"""15:13:44 RF#4 8125 um, Fmax=1479 Int=9 Mod=20 Filter=50""
",,,,,,,,,,,,,,,,,,,,,,,,,,,,,,,,,,,,,,,,,,,,,,,,,,,,,,,,,,,,,,,,,,,,,,,,,,,,,,,,,
Remark=,"""15:13:45 Fm'=1479""
",,,,,,,,,,,,,,,,,,,,,,,,,,,,,,,,,,,,,,,,,,,,,,,,,,,,,,,,,,,,,,,,,,,,,,,,,,,,,,,,,
Remark=,"""15:13:53 Dark#4 Fmin=482 Dur=6 FarRed=8 Pre=1 Post=4 Mod=0.25 Filter=5""
",,,,,,,,,,,,,,,,,,,,,,,,,,,,,,,,,,,,,,,,,,,,,,,,,,,,,,,,,,,,,,,,,,,,,,,,,,,,,,,,,
Remark=,"""15:13:53 Fo'=482""
",,,,,,,,,,,,,,,,,,,,,,,,,,,,,,,,,,,,,,,,,,,,,,,,,,,,,,,,,,,,,,,,,,,,,,,,,,,,,,,,,
28,15:13:53,"3292,99999600276",0,"13,6948630660889","0,118709000908182","810,918678917689",4,4,0,0,"482,286865234375","1479,29821777344","624,784729003906",#DIV/0!,"0,673975903276428","0,577647886344176",-1,"0,87","0,92","19,9885787963867","0,879994289398193","0,0668828288483067","0,85707498374353","3,06725794212652",-1,"249,672698974609","0,5","63,4576672100364","1,45489847975819","1,13907836193777","23,9604816436768",2,"4,644859790802",1,"9,289719581604","25,109447479248","23,9604816436768","25,0188694000244","1025,72314453125","1015,62719726563","18,6800594329834","19,6291618347168","54,9729728698731","57,766056060791","300,566101074219","249,672698974609","114,534606933594","94,1860809326172","-2,64719581604004","-0,422027558088303","0,5","-1,355140209198","7,355140209198",1,0,"0,159999996423721",111105,"1,50283050537109","0,00145489847975819","297,110481643677","298,259447479248","39,9476309430382","-0,0446011051190497","2,98787218714184","31,7230758256035","12,0939139908867","24,5349645614624","3,09258173191837","0,117211213389997","1,84879382520408","1,24378790671429","0,0733901187726214","76,3772523223125","0,798441279537337","61,3656374515462","1013,63703330246","0,00829087705215493",0,"219,71054931629","997,011352539065","0,577647886344176",#DIV/0!
Remark=,"""15:13:54 LCF Lamp: ParIn -> 250 uml, with blue = 20 percent, actinic on""
",,,,,,,,,,,,,,,,,,,,,,,,,,,,,,,,,,,,,,,,,,,,,,,,,,,,,,,,,,,,,,,,,,,,,,,,,,,,,,,,,
Remark=,"""15:13:54 CO2 Mixer -> OFF""
",,,,,,,,,,,,,,,,,,,,,,,,,,,,,,,,,,,,,,,,,,,,,,,,,,,,,,,,,,,,,,,,,,,,,,,,,,,,,,,,,
Remark=,"""15:13:54 Coolers: Off""
",,,,,,,,,,,,,,,,,,,,,,,,,,,,,,,,,,,,,,,,,,,,,,,,,,,,,,,,,,,,,,,,,,,,,,,,,,,,,,,,,
Remark=,"""15:13:54 Flow: Fixed -> 300 umol/s""
",,,,,,,,,,,,,,,,,,,,,,,,,,,,,,,,,,,,,,,,,,,,,,,,,,,,,,,,,,,,,,,,,,,,,,,,,,,,,,,,,
Remark=,"""15:16:23 Flow: Fixed -> 300 umol/s""
",,,,,,,,,,,,,,,,,,,,,,,,,,,,,,,,,,,,,,,,,,,,,,,,,,,,,,,,,,,,,,,,,,,,,,,,,,,,,,,,,
Remark=,"""15:17:40 trat4t1b1""
",,,,,,,,,,,,,,,,,,,,,,,,,,,,,,,,,,,,,,,,,,,,,,,,,,,,,,,,,,,,,,,,,,,,,,,,,,,,,,,,,
Remark=,"""15:18:43 Flow: Fixed -> 300 umol/s""
",,,,,,,,,,,,,,,,,,,,,,,,,,,,,,,,,,,,,,,,,,,,,,,,,,,,,,,,,,,,,,,,,,,,,,,,,,,,,,,,,
Remark=,"""15:19:02 Flow: Fixed -> 300 umol/s""
",,,,,,,,,,,,,,,,,,,,,,,,,,,,,,,,,,,,,,,,,,,,,,,,,,,,,,,,,,,,,,,,,,,,,,,,,,,,,,,,,
Remark=,"""15:29:04 Launched AutoProg /User/Configs/AutoProgs/Autolog + ETR""
",,,,,,,,,,,,,,,,,,,,,,,,,,,,,,,,,,,,,,,,,,,,,,,,,,,,,,,,,,,,,,,,,,,,,,,,,,,,,,,,,
Remark=,"""15:29:09 LCF Lamp: ParIn -> 250 uml, with blue = 20 percent, actinic on""
",,,,,,,,,,,,,,,,,,,,,,,,,,,,,,,,,,,,,,,,,,,,,,,,,,,,,,,,,,,,,,,,,,,,,,,,,,,,,,,,,
Remark=,"""15:29:09 CO2 Mixer -> OFF""
",,,,,,,,,,,,,,,,,,,,,,,,,,,,,,,,,,,,,,,,,,,,,,,,,,,,,,,,,,,,,,,,,,,,,,,,,,,,,,,,,
Remark=,"""15:29:09 Coolers: Off""
",,,,,,,,,,,,,,,,,,,,,,,,,,,,,,,,,,,,,,,,,,,,,,,,,,,,,,,,,,,,,,,,,,,,,,,,,,,,,,,,,
Remark=,"""15:29:09 Flow: Fixed -> 300 umol/s""
",,,,,,,,,,,,,,,,,,,,,,,,,,,,,,,,,,,,,,,,,,,,,,,,,,,,,,,,,,,,,,,,,,,,,,,,,,,,,,,,,
29,15:29:21,"4230,4999994142",0,"12,2226927684915","0,0795105115039346","813,903386082856",4,4,0,0,"482,286865234375","1479,29821777344","624,784729003906",#DIV/0!,"0,673975903276428","0,577647886344176",-1,"0,87","0,92","19,9885787963867","0,879994289398193","0,0602878503885977","0,85707498374353","3,06725794212652",-1,"249,672698974609","0,5","63,4576672100364","1,10859234158802","1,28895523027863","24,9746685028076",2,"4,644859790802",1,"9,289719581604","25,8705596923828","24,9746685028076","25,7992458343506","1091,91040039063","1082,97790527344","19,2990989685059","20,0220394134522","54,2878303527832","56,3214416503906","300,549255371094","249,235702514648","115,567680358887","94,1923751831055","-3,62439918518066","-0,394737392663956","0,25","-1,355140209198","7,355140209198",1,0,"0,159999996423721",111105,"1,50274627685547","0,00110859234158802","298,124668502808","299,020559692383","39,8777115110073","0,00505383074829209","3,17487867864145","33,7063236007122","13,68428418726","25,4226140975952","3,26067980133812","0,0788357579354138","1,88592344836282","1,3747563529753","0,0493325300540225","76,6634931047163","0,751542004799585","58,6347226328537","1081,20167994258","0,00662849691784749",0,"219,325994927037","997,011352539065","0,577647886344176",#DIV/0!
30,15:29:32,"4241,4999986561",0,"11,9067037553564","0,0802218019864463","822,670125830289",4,4,0,0,"482,286865234375","1479,29821777344","624,784729003906",#DIV/0!,"0,673975903276428","0,577647886344176",-1,"0,87","0,92","19,9885787963867","0,879994289398193","0,0588421838276773","0,85707498374353","3,06725794212652",-1,"249,672698974609","0,5","63,4576672100364","1,1148633118049","1,28488320774766","24,9534492492676",2,"4,644859790802",1,"9,289719581604","25,8720722198486","24,9534492492676","25,7908935546875","1091,97485351563","1083,248046875","19,2955551147461","20,0225734710693","54,273193359375","56,3180999755859","300,553863525391","249,256622314453","115,530548095703","94,1927108764648","-3,62439918518066","-0,394737392663956","0,75","-1,355140209198","7,355140209198",1,0,"0,159999996423721",111105,"1,50276931762696","0,0011148633118049","298,103449249268","299,022072219849","39,8810586789013","0,00499983287162165","3,17086368171086","33,663578128349","13,6410046572797","25,4127607345581","3,25877088083525","0,0795349740490568","1,88598047396321","1,37279040687204","0,049770613052657","77,4895293090373","0,759447596701017","58,7172200065537","1081,51774167811","0,00646432801806229",0,"219,344404231401","997,011352539065","0,577647886344176",#DIV/0!
31,15:29:43,"4252,49999789801",0,"12,1835775926484","0,0806502402781459","818,318954037943",4,4,0,0,"482,286865234375","1479,29821777344","624,784729003906",#DIV/0!,"0,673975903276428","0,577647886344176",-1,"0,87","0,92","19,9885787963867","0,879994289398193","0,0601005224300842","0,85707498374353","3,06725794212652",-1,"249,672698974609","0,5","63,4576672100364","1,11702967891205","1,28062714813347","24,9273777008057",2,"4,644859790802",1,"9,289719581604","25,8672103881836","24,9273777008057","25,7833347320557","1091,95935058594","1083,046875","19,2871875762939","20,015625","54,2648048400879","56,3142738342285","300,553375244141","249,272964477539","115,610771179199","94,1918869018555","-3,62439918518066","-0,394737392663956","0,5","-1,355140209198","7,355140209198",1,0,"0,159999996423721",111105,"1,50276687622071","0,00111702967891205","298,077377700806","299,017210388184","39,8836734249366","0,00559410290887622","3,16593663440342","33,6115639949141","13,5959389949141","25,3972940444947","3,25577644340603","0,0799560882456687","1,88530948626995","1,37046695713608","0,0500344601931851","77,0790063683866","0,755571132632596","58,7930637901551","1081,27633396207","0,00662466968061846",0,"219,358785241593","997,011352539065","0,577647886344176",#DIV/0!
32,15:29:54,"4263,49999713991",0,"12,183859240832","0,0797642925597042","815,767514742635",4,4,0,0,"482,286865234375","1479,29821777344","624,784729003906",#DIV/0!,"0,673975903276428","0,577647886344176",-1,"0,87","0,92","19,9885787963867","0,879994289398193","0,060093868109937","0,85707498374353","3,06725794212652",-1,"249,672698974609","0,5","63,4576672100364","1,10394991964725","1,27959930254571","24,9150066375732",2,"4,644859790802",1,"9,289719581604","25,847038269043","24,9150066375732","25,7771778106689","1092,04370117188","1083,14111328125","19,281795501709","20,0016555786133","54,3147315979004","56,3424987792969","300,577606201172","249,305892944336","115,582084655762","94,1922912597656","-3,62439918518066","-0,394737392663956","0,5","-1,355140209198","7,355140209198",1,0,"0,159999996423721",111105,"1,50288803100586","0,00110394991964725","298,065006637573","298,997038269043","39,8889419795063","0,00755644693290525","3,16360107048397","33,5866240025877","13,5849684239743","25,3810224533081","3,25262876779535","0,0790852431634943","1,88400176793826","1,36862699985709","0,0494888400605612","76,8390113488934","0,753149801757005","58,7926674945386","1081,37053131366","0,00662420108930008",0,"219,387762104333","997,011352539065","0,577647886344176",#DIV/0!
33,15:30:05,"4274,49999638181",0,"12,2596455859235","0,079378936070092","813,170489692014",4,4,0,0,"482,286865234375","1479,29821777344","624,784729003906",#DIV/0!,"0,673975903276428","0,577647886344176",-1,"0,87","0,92","19,9885787963867","0,879994289398193","0,0604383880504654","0,85707498374353","3,06725794212652",-1,"249,672698974609","0,5","63,4576672100364","1,0963724405595","1,27696351035409","24,8962516784668",2,"4,644859790802",1,"9,289719581604","25,8400039672852","24,8962516784668","25,7710227966309","1092,14501953125","1083,19702148438","19,2771263122559","19,9920845031738","54,3241958618164","56,3389930725098","300,564056396484","249,309707641602","115,556083679199","94,1922607421875","-3,62439918518066","-0,394737392663956","0,75","-1,355140209198","7,355140209198",1,0,"0,159999996423721",111105,"1,50282028198242","0,0010963724405595","298,046251678467","298,990003967285","39,8895523310553","0,00942635716049047","3,16006314665689","33,5490742207182","13,5569897175444","25,368127822876","3,25013624069483","0,0787064043980498","1,88309963630279","1,36703660439204","0,0492514866441454","76,5943667929225","0,750713373064552","58,8308124930377","1081,41542609868","0,00666945276801281",0,"219,391119016143","997,011352539065","0,577647886344176",#DIV/0!
34,15:30:10,"4279,49999603722",0,"12,3495065270529","0,0792570217550445","811,041077304664",4,4,0,0,"482,286865234375","1479,29821777344","624,784729003906",#DIV/0!,"0,673975903276428","0,577647886344176",-1,"0,87","0,92","19,9885787963867","0,879994289398193","0,0608399038715088","0,85707498374353","3,06725794212652",-1,"249,672698974609","0,5","63,4576672100364","1,09306521084703","1,27506531146013","24,8840255737305",2,"4,644859790802",1,"9,289719581604","25,8362312316895","24,8840255737305","25,7674751281738","1092,22619628906","1083,22009277344","19,275016784668","19,9878749847412","54,3301162719727","56,3394317626953","300,541442871094","249,342803955078","115,517059326172","94,1917724609375","-3,62439918518066","-0,394737392663956","0,75","-1,355140209198","7,355140209198",1,0,"0,159999996423721",111105,"1,50270721435547","0,00109306521084703","298,034025573731","298,98623123169","39,8948477410931","0,0104144870301275","3,15775868400054","33,5247824889388","13,5369075041975","25,36012840271","3,24859079475998","0,0785865455906332","1,88269337254041","1,36589742221958","0,0491763922234621","76,3933966099545","0,74873156684908","58,8620776048992","1081,42543862214","0,00672184679235742",0,"219,420243583002","997,011352539065","0,577647886344176",#DIV/0!
Remark=,"""15:30:10 Fs=707 Msr=3 Mod=0.25 Filter=5 Gain=10""
",,,,,,,,,,,,,,,,,,,,,,,,,,,,,,,,,,,,,,,,,,,,,,,,,,,,,,,,,,,,,,,,,,,,,,,,,,,,,,,,,
Remark=,"""15:30:10 RF#5 8100 um, Fmax=1601 Int=9 Mod=20 Filter=50""
",,,,,,,,,,,,,,,,,,,,,,,,,,,,,,,,,,,,,,,,,,,,,,,,,,,,,,,,,,,,,,,,,,,,,,,,,,,,,,,,,
Remark=,"""15:30:11 Fm'=1601""
",,,,,,,,,,,,,,,,,,,,,,,,,,,,,,,,,,,,,,,,,,,,,,,,,,,,,,,,,,,,,,,,,,,,,,,,,,,,,,,,,
Remark=,"""15:30:19 Dark#5 Fmin=487 Dur=6 FarRed=8 Pre=1 Post=4 Mod=0.25 Filter=5""
",,,,,,,,,,,,,,,,,,,,,,,,,,,,,,,,,,,,,,,,,,,,,,,,,,,,,,,,,,,,,,,,,,,,,,,,,,,,,,,,,
Remark=,"""15:30:19 Fo'=487""
",,,,,,,,,,,,,,,,,,,,,,,,,,,,,,,,,,,,,,,,,,,,,,,,,,,,,,,,,,,,,,,,,,,,,,,,,,,,,,,,,
35,15:30:19,"4279,49999603722",0,"12,3495065270529","0,0792570217550445","811,041077304664",5,5,0,0,"487,091064453125","1601,04370117188","707,585266113281",#DIV/0!,"0,695766540228352","0,55804750014296",-1,"0,87","0,92","19,9885787963867","0,879994289398193","0,0608399038715088","0,802061421291985","3,2869494392582",-1,"249,342803955078","0,5","61,2234592061267","1,09306521084703","1,27506531146013","24,8840255737305",2,"4,644859790802",1,"9,289719581604","25,8362312316895","24,8840255737305","25,7674751281738","1092,22619628906","1083,22009277344","19,275016784668","19,9878749847412","54,3301162719727","56,3394317626953","300,541442871094","249,342803955078","115,517059326172","94,1917724609375","-3,62439918518066","-0,394737392663956","0,75","-1,355140209198","7,355140209198",1,0,"0,159999996423721",111105,"1,50270721435547","0,00109306521084703","298,034025573731","298,98623123169","39,8948477410931","0,0104144870301275","3,15775868400054","33,5247824889388","13,5369075041975","25,36012840271","3,24859079475998","0,0785865455906332","1,88269337254041","1,36589742221958","0,0491763922234621","76,3933966099545","0,74873156684908","58,8620776048992","1081,42543862214","0,00672184679235742",0,"219,420243583002","1113,95263671876","0,55804750014296",#DIV/0!
Remark=,"""15:30:20 LCF Lamp: ParIn -> 250 uml, with blue = 20 percent, actinic on""
",,,,,,,,,,,,,,,,,,,,,,,,,,,,,,,,,,,,,,,,,,,,,,,,,,,,,,,,,,,,,,,,,,,,,,,,,,,,,,,,,
Remark=,"""15:30:20 CO2 Mixer -> OFF""
",,,,,,,,,,,,,,,,,,,,,,,,,,,,,,,,,,,,,,,,,,,,,,,,,,,,,,,,,,,,,,,,,,,,,,,,,,,,,,,,,
Remark=,"""15:30:20 Coolers: Off""
",,,,,,,,,,,,,,,,,,,,,,,,,,,,,,,,,,,,,,,,,,,,,,,,,,,,,,,,,,,,,,,,,,,,,,,,,,,,,,,,,
Remark=,"""15:30:20 Flow: Fixed -> 300 umol/s""
",,,,,,,,,,,,,,,,,,,,,,,,,,,,,,,,,,,,,,,,,,,,,,,,,,,,,,,,,,,,,,,,,,,,,,,,,,,,,,,,,
Remark=,"""15:32:08 Flow: Fixed -> 300 umol/s""
",,,,,,,,,,,,,,,,,,,,,,,,,,,,,,,,,,,,,,,,,,,,,,,,,,,,,,,,,,,,,,,,,,,,,,,,,,,,,,,,,
Remark=,"""15:32:38 trat5t1b1""
",,,,,,,,,,,,,,,,,,,,,,,,,,,,,,,,,,,,,,,,,,,,,,,,,,,,,,,,,,,,,,,,,,,,,,,,,,,,,,,,,
Remark=,"""15:41:00 Launched AutoProg /User/Configs/AutoProgs/Autolog + ETR""
",,,,,,,,,,,,,,,,,,,,,,,,,,,,,,,,,,,,,,,,,,,,,,,,,,,,,,,,,,,,,,,,,,,,,,,,,,,,,,,,,
Remark=,"""15:41:04 LCF Lamp: ParIn -> 250 uml, with blue = 20 percent, actinic on""
",,,,,,,,,,,,,,,,,,,,,,,,,,,,,,,,,,,,,,,,,,,,,,,,,,,,,,,,,,,,,,,,,,,,,,,,,,,,,,,,,
Remark=,"""15:41:04 CO2 Mixer -> OFF""
",,,,,,,,,,,,,,,,,,,,,,,,,,,,,,,,,,,,,,,,,,,,,,,,,,,,,,,,,,,,,,,,,,,,,,,,,,,,,,,,,
Remark=,"""15:41:04 Coolers: Off""
",,,,,,,,,,,,,,,,,,,,,,,,,,,,,,,,,,,,,,,,,,,,,,,,,,,,,,,,,,,,,,,,,,,,,,,,,,,,,,,,,
Remark=,"""15:41:04 Flow: Fixed -> 300 umol/s""
",,,,,,,,,,,,,,,,,,,,,,,,,,,,,,,,,,,,,,,,,,,,,,,,,,,,,,,,,,,,,,,,,,,,,,,,,,,,,,,,,
Remark=,"""15:41:16 trat5t1b1""
",,,,,,,,,,,,,,,,,,,,,,,,,,,,,,,,,,,,,,,,,,,,,,,,,,,,,,,,,,,,,,,,,,,,,,,,,,,,,,,,,
Remark=,"""15:49:12 Launched AutoProg /User/Configs/AutoProgs/Autolog + ETR""
",,,,,,,,,,,,,,,,,,,,,,,,,,,,,,,,,,,,,,,,,,,,,,,,,,,,,,,,,,,,,,,,,,,,,,,,,,,,,,,,,
Remark=,"""15:49:18 LCF Lamp: ParIn -> 250 uml, with blue = 20 percent, actinic on""
",,,,,,,,,,,,,,,,,,,,,,,,,,,,,,,,,,,,,,,,,,,,,,,,,,,,,,,,,,,,,,,,,,,,,,,,,,,,,,,,,
Remark=,"""15:49:18 CO2 Mixer -> OFF""
",,,,,,,,,,,,,,,,,,,,,,,,,,,,,,,,,,,,,,,,,,,,,,,,,,,,,,,,,,,,,,,,,,,,,,,,,,,,,,,,,
Remark=,"""15:49:18 Coolers: Off""
",,,,,,,,,,,,,,,,,,,,,,,,,,,,,,,,,,,,,,,,,,,,,,,,,,,,,,,,,,,,,,,,,,,,,,,,,,,,,,,,,
Remark=,"""15:49:18 Flow: Fixed -> 300 umol/s""
",,,,,,,,,,,,,,,,,,,,,,,,,,,,,,,,,,,,,,,,,,,,,,,,,,,,,,,,,,,,,,,,,,,,,,,,,,,,,,,,,
36,15:49:29,"5437,99999944866",0,"13,5504027757648","0,0670950162275367","838,932466838193",5,5,0,0,"487,091064453125","1601,04370117188","707,585266113281",#DIV/0!,"0,695766540228352","0,55804750014296",-1,"0,87","0,92","19,9885787963867","0,879994289398193","0,0663967132957104","0,802061421291985","3,2869494392582",-1,"249,342803955078","0,5","61,2234592061267","0,965317603171198","1,32907150068441","24,7887210845947",2,"4,644859790802",1,"9,289719581604","25,5622463226318","24,7887210845947","25,4410781860352","1197,31262207031","1187,53283691406","18,5945072174072","19,2245178222656","53,2700653076172","55,0749397277832","300,553619384766","249,028228759766","120,521774291992","94,1908569335938","-3,80236554145813","-0,412856340408325","0,5","-1,355140209198","7,355140209198",1,0,"0,159999996423721",111105,"1,50276809692383","0,000965317603171198","297,938721084595","298,712246322632","39,8445157109681","0,0244820598868232","3,13984530849875","33,3349266661031","14,1104088438375","25,1754837036133","3,21309640866807","0,0666138972360782","1,81077380781434","1,40232260085373","0,041676645631692","79,0197679609031","0,706449910907941","56,8400970376955","1185,56366619942","0,00649654025872257",0,"219,143419207541","1113,95263671876","0,55804750014296",#DIV/0!
37,15:49:40,"5448,99999869056",0,"13,4336204541657","0,0665504787417189","840,710710440328",5,5,0,0,"487,091064453125","1601,04370117188","707,585266113281",#DIV/0!,"0,695766540228352","0,55804750014296",-1,"0,87","0,92","19,9885787963867","0,879994289398193","0,0658876329248636","0,802061421291985","3,2869494392582",-1,"249,342803955078","0,5","61,2234592061267","0,960207505213309","1,33271840366945","24,8191547393799",2,"4,644859790802",1,"9,289719581604","25,569263458252","24,8191547393799","25,4579181671143","1198,93603515625","1189,23620605469","18,6197299957275","19,2464370727539","53,3200836181641","55,1147422790527","300,531768798828","248,938186645508","120,916259765625","94,1908111572266","-3,80236554145813","-0,412856340408325",1,"-1,355140209198","7,355140209198",1,0,"0,159999996423721",111105,"1,50265884399414","0,000960207505213309","297,96915473938","298,719263458252","39,8301089730089","0,0242604581151652","3,14555592343866","33,3955710200647","14,1491339473108","25,194209098816","3,21668049742946","0,066077109953496","1,81283751976921","1,40384297766025","0,0413404636609704","79,1872237649428","0,706933329274762","56,7958924534451","1187,28400637268","0,00642621696645426",0,"219,064182661189","1113,95263671876","0,55804750014296",#DIV/0!
38,15:49:51,"5459,99999793246",0,"13,1868642100463","0,0674076636687572","852,237092662789",5,5,0,0,"487,091064453125","1601,04370117188","707,585266113281",#DIV/0!,"0,695766540228352","0,55804750014296",-1,"0,87","0,92","19,9885787963867","0,879994289398193","0,0647512204288024","0,802061421291985","3,2869494392582",-1,"249,342803955078","0,5","61,2234592061267","0,973167952417516","1,33359381301464","24,8396759033203",2,"4,644859790802",1,"9,289719581604","25,5956230163574","24,8396759033203","25,4705295562744","1200,47802734375","1190,93200683594","18,6431274414063","19,2782096862793","53,3032569885254","55,1190414428711","300,561706542969","248,976638793945","120,869834899902","94,1901702880859","-3,80236554145813","-0,412856340408325","0,5","-1,355140209198","7,355140209198",1,0,"0,159999996423721",111105,"1,50280853271484","0,000973167952417516","297,98967590332","298,745623016357","39,8362613166213","0,0222751923124956","3,14941166621472","33,4367339668467","14,1585242805674","25,2176494598389","3,22117196584433","0,0669220666471312","1,81581785320007","1,40535411264425","0,0418696501220491","80,2723568837313","0,715605162822861","56,8227802521463","1189,01566624813","0,00630197152562987",0,"219,098020332228","1113,95263671876","0,55804750014296",#DIV/0!
39,15:50:02,"5470,99999717437",0,"13,0695298189049","0,0670127712270853","854,608478886576",5,5,0,0,"487,091064453125","1601,04370117188","707,585266113281",#DIV/0!,"0,695766540228352","0,55804750014296",-1,"0,87","0,92","19,9885787963867","0,879994289398193","0,0642193862542346","0,802061421291985","3,2869494392582",-1,"249,342803955078","0,5","61,2234592061267","0,968106118389321","1,33438866462825","24,8556709289551",2,"4,644859790802",1,"9,289719581604","25,6098213195801","24,8556709289551","25,4838027954102","1201,85314941406","1192,38842773438","18,6698417663574","19,3015956878662","53,3349761962891","55,1397361755371","300,566436767578","248,962295532227","120,542060852051","94,1907196044922","-3,80236554145813","-0,412856340408325","0,75","-1,355140209198","7,355140209198",1,0,"0,159999996423721",111105,"1,50283218383789","0,000968106118389321","298,005670928955","298,75982131958","39,8339663947977","0,0230812526317401","3,15241985198333","33,468476143089","14,1668804552228","25,2327461242676","3,22406757715393","0,0665328268043751","1,81803118735508","1,40603638979885","0,0416258720556918","80,4961876064271","0,71671986997592","56,8352283293137","1190,48913840702","0,00623953371307681",0,"219,085398343825","1113,95263671876","0,55804750014296",#DIV/0!
40,15:50:13,"5481,99999641627",0,"12,6621541055962","0,0671695498148757","866,502078158398",5,5,0,0,"487,091064453125","1601,04370117188","707,585266113281",#DIV/0!,"0,695766540228352","0,55804750014296",-1,"0,87","0,92","19,9885787963867","0,879994289398193","0,0623600361680532","0,802061421291985","3,2869494392582",-1,"249,342803955078","0,5","61,2234592061267","0,969163217246617","1,332736527479","24,8576583862305",2,"4,644859790802",1,"9,289719581604","25,6215763092041","24,8576583862305","25,4964332580566","1203,11181640625","1193,91638183594","18,6906242370605","19,3230514526367","53,3572654724121","55,1626968383789","300,567718505859","248,961944580078","120,579772949219","94,1909866333008","-3,80236554145813","-0,412856340408325","0,75","-1,355140209198","7,355140209198",1,0,"0,159999996423721",111105,"1,50283859252929","0,000969163217246617","298,007658386231","298,771576309204","39,8339102424551","0,023344058124776","3,15279380856889","33,4723514559113","14,1493000032746","25,2396173477173","3,22538626314836","0,0666873651529688","1,82005728108989","1,40532898205847","0,0417226579411485","81,616685661545","0,725764460008445","56,8939466122184","1192,0762931344","0,00604323669406491",0,"219,085089507938","1113,95263671876","0,55804750014296",#DIV/0!
41,15:50:19,"5487,99999600276",0,"12,4476742166352","0,0683107956041899","877,18012900535",5,5,0,0,"487,091064453125","1601,04370117188","707,585266113281",#DIV/0!,"0,695766540228352","0,55804750014296",-1,"0,87","0,92","19,9885787963867","0,879994289398193","0,0613824069099735","0,802061421291985","3,2869494392582",-1,"249,342803955078","0,5","61,2234592061267","0,985385999268879","1,33254588553814","24,8664684295654",2,"4,644859790802",1,"9,289719581604","25,6324691772461","24,8664684295654","25,5030708312988","1203,69592285156","1194,62902832031","18,699592590332","19,3426513671875","53,3484573364258","55,1830520629883","300,540496826172","248,956466674805","120,450820922852","94,1911239624023","-3,80236554145813","-0,412856340408325","0,5","-1,355140209198","7,355140209198",1,0,"0,159999996423721",111105,"1,50270248413086","0,000985385999268879","298,016468429565","298,782469177246","39,833033777631","0,0205792887785862","3,15445195822643","33,4899067505084","14,1472553833209","25,2494688034058","3,22727772050216","0,0678121474263166","1,82190607268829","1,40537164781388","0,0424271122504829","82,622582268499","0,734269893172356","56,927199897473","1192,82010825067","0,00594063793431705",0,"219,08026898258","1113,95263671876","0,55804750014296",#DIV/0!
Remark=,"""15:50:19 Fs=653 Msr=3 Mod=0.25 Filter=5 Gain=10""
",,,,,,,,,,,,,,,,,,,,,,,,,,,,,,,,,,,,,,,,,,,,,,,,,,,,,,,,,,,,,,,,,,,,,,,,,,,,,,,,,
Remark=,"""15:50:19 RF#6 8071 um, Fmax=1583 Int=9 Mod=20 Filter=50""
",,,,,,,,,,,,,,,,,,,,,,,,,,,,,,,,,,,,,,,,,,,,,,,,,,,,,,,,,,,,,,,,,,,,,,,,,,,,,,,,,
Remark=,"""15:50:20 Fm'=1583""
",,,,,,,,,,,,,,,,,,,,,,,,,,,,,,,,,,,,,,,,,,,,,,,,,,,,,,,,,,,,,,,,,,,,,,,,,,,,,,,,,
Remark=,"""15:50:28 Dark#6 Fmin=487 Dur=6 FarRed=8 Pre=1 Post=4 Mod=0.25 Filter=5""
",,,,,,,,,,,,,,,,,,,,,,,,,,,,,,,,,,,,,,,,,,,,,,,,,,,,,,,,,,,,,,,,,,,,,,,,,,,,,,,,,
Remark=,"""15:50:28 Fo'=487""
",,,,,,,,,,,,,,,,,,,,,,,,,,,,,,,,,,,,,,,,,,,,,,,,,,,,,,,,,,,,,,,,,,,,,,,,,,,,,,,,,
42,15:50:28,"5487,99999600276",0,"12,4476742166352","0,0683107956041899","877,18012900535",6,6,0,0,"487,13427734375","1583,60876464844","653,092590332031",#DIV/0!,"0,692389756726376","0,587592210329161",-1,"0,87","0,92","19,9885787963867","0,879994289398193","0,0613824069099735","0,848643707710671","3,25086703666914",-1,"248,956466674805","0,5","64,3649297454907","0,985385999268879","1,33254588553814","24,8664684295654",2,"4,644859790802",1,"9,289719581604","25,6324691772461","24,8664684295654","25,5030708312988","1203,69592285156","1194,62902832031","18,699592590332","19,3426513671875","53,3484573364258","55,1830520629883","300,540496826172","248,956466674805","120,450820922852","94,1911239624023","-3,80236554145813","-0,412856340408325","0,5","-1,355140209198","7,355140209198",1,0,"0,159999996423721",111105,"1,50270248413086","0,000985385999268879","298,016468429565","298,782469177246","39,833033777631","0,0205792887785862","3,15445195822643","33,4899067505084","14,1472553833209","25,2494688034058","3,22727772050216","0,0678121474263166","1,82190607268829","1,40537164781388","0,0424271122504829","82,622582268499","0,734269893172356","56,927199897473","1192,82010825067","0,00594063793431705",0,"219,08026898258","1096,47448730469","0,587592210329161",#DIV/0!
Remark=,"""15:50:29 LCF Lamp: ParIn -> 250 uml, with blue = 20 percent, actinic on""
",,,,,,,,,,,,,,,,,,,,,,,,,,,,,,,,,,,,,,,,,,,,,,,,,,,,,,,,,,,,,,,,,,,,,,,,,,,,,,,,,
Remark=,"""15:50:29 CO2 Mixer -> OFF""
",,,,,,,,,,,,,,,,,,,,,,,,,,,,,,,,,,,,,,,,,,,,,,,,,,,,,,,,,,,,,,,,,,,,,,,,,,,,,,,,,
Remark=,"""15:50:29 Coolers: Off""
",,,,,,,,,,,,,,,,,,,,,,,,,,,,,,,,,,,,,,,,,,,,,,,,,,,,,,,,,,,,,,,,,,,,,,,,,,,,,,,,,
Remark=,"""15:50:29 Flow: Fixed -> 300 umol/s""
",,,,,,,,,,,,,,,,,,,,,,,,,,,,,,,,,,,,,,,,,,,,,,,,,,,,,,,,,,,,,,,,,,,,,,,,,,,,,,,,,
